<?xml version="1.0" encoding="utf-8"?>
<extension type="module" version="3.1" client="site" method="upgrade">
  <name>Starlink services</name>
  <author>Andriy Melnyk</author>
  <authorEmail>greenturban@gmail.com</authorEmail>
  <authorUrl>http://starlink.ua</authorUrl>
  <version>1.1.0</version>
  <description>Starlink service block</description>
  <files>
    <filename module="mod_starlink_services">mod_starlink_services.php</filename>
    <folder>tmpl</folder>
    <filename>mod_starlink_services.xml</filename>
    <filename>helper.php</filename>
  </files>
  <media folder="media" destination="mod_starlink_services">
    <folder>css</folder>
    <folder>images</folder>
  </media>
  <config>
    <fields name="params">
      <fieldset name="basic">
        <field name="color" type="text" default="" label="Цвет фона" description="Цвет фона блока" size="10" />
        <field name="containerType" type="radio" default="0" label="Bootstrap .container fluid?" description="Тип класса Bootstrap .container: .container-fluid или обычный?" class="btn-group btn-group-yesno">
          <option value="1">.container-fluid</option>
          <option value="0">.container</option>
        </field>
        <field
            name="moduleclass_sfx"
            type="textarea"
            label="Module class suffix"
            description="Class suffix which is attached to class name of the sufix in HTML code"
            rows="3"
        />
      </fieldset>
    </fields>
  </config>
</extension>